{
    "type": "minecraft:crafting_shapeless",
    "group":"brown_dye",
    "ingredients": [
        {
            "item": "minecraft:yellow_dye"
        },
        [
            {
                "item": "minecraft:blue_dye"
            },
            {
                "item": "minecraft:light_blue_dye"
            },
            {
                "item": "minecraft:cyan_dye"
            }
        ],
        {
            "item": "minecraft:red_dye"
        }
    ],
    "result": {
        "item": "minecraft:brown_dye",
        "count": 3
    }
}
