{
    "type": "minecraft:crafting_shaped",
    "group":"beacon",
    "pattern": [
        "GGG",
        "GSG",
        "OOO"
    ],
    "key": {
        "G": {
            "tag": "kevr:colored_glass"
        },
        "O": [
            {
                "item": "minecraft:obsidian"
            },
            {
                "item": "minecraft:crying_obsidian"
            }
        ],
        "S": {
            "item": "minecraft:nether_star"
        }
    },
    "result": {
        "item": "minecraft:beacon",
        "count": 1
    }
}
