{
  "parent": "minecraft:recipes/root",
  "criteria": {
    
    "has_base_recipe": {
      "trigger": "minecraft:recipe_unlocked",
      "conditions": {
        "recipe": "minecraft:chest_minecart"
      }
    },
    "has_the_recipe": {
      "trigger": "minecraft:recipe_unlocked",
      "conditions": {
        "recipe": "kevr:shortcut_chest_minecart"
      }
    }
  },
  "requirements": [
    [
      "has_base_recipe",
      "has_the_recipe"
    ]
  ],
  "rewards": {
    "recipes": [
      "kevr:shortcut_chest_minecart"
    ]
  }
}
