{
  "parent": "kevr:recipes/root",
  "criteria": {
    "has_slab": {
      "conditions": {
        "items": [
          {
            "items": [
              "minecraft:mud_brick_slab"
            ]
          }
        ]
      },
      "trigger": "minecraft:inventory_changed"
    },
    "has_the_recipe": {
      "conditions": {
        "recipe": "kevr:slabtoblock_mud_bricks"
      },
      "trigger": "minecraft:recipe_unlocked"
    }
  },
  "requirements": [
    [
      "has_slab",
      "has_the_recipe"
    ]
  ],
  "rewards": {
    "recipes": [
      "kevr:slabtoblock_mud_bricks"
    ]
  }
}